Programacion,Cursos,developer Mozilla,https://developer.mozilla.org/es/docs/Mozilla/Add-ons/SDK/Tutorials/List_Open_Tabs,Aún sin descripcion,Aún sin Comentarios
Programacion,Cursos,arata.es,http://arata.es/?reqp=1&reqr=,Aún sin descripcion,Aún sin Comentarios
Programacion,Cursos,blog.alegra.com,http://blog.alegra.com/facturacion-electronica-de-la-dian-2018/,Aún sin descripcion,Aún sin Comentarios
Programacion,Cursos,brackets.io,http://brackets.io/,Aún sin descripcion,Aún sin Comentarios
Programacion,Cursos,campus.tdea.edu.co,http://campus.tdea.edu.co/appsFiles/archivosminerva/pdfs/OM_357025_38_12018_1.pdf,Aún sin descripcion,Aún sin Comentarios
Programacion,Cursos,fire-3dstudio.firetecnology.com,http://fire-3dstudio.firetecnology.com/arboles-y-plantas-en-png/,Aún sin descripcion,Aún sin Comentarios
Programacion,Cursos,fire-3dstudio.firetecnology.com,http://fire-3dstudio.firetecnology.com/personas-3d-sketchup-vray/,Aún sin descripcion,Aún sin Comentarios
Programacion,Cursos,guides.rubyonrails.org,http://guides.rubyonrails.org/getting_started.html#adding-a-second-model,Aún sin descripcion,Aún sin Comentarios
Programacion,Cursos,manoalaobra.co,http://manoalaobra.co/14-planos-para-crear-muebles-de-todo-tipo-para-tu-hogar/,Aún sin descripcion,Aún sin Comentarios
Programacion,Cursos,microsoft.public.es.vfoxpro.narkive.com,http://microsoft.public.es.vfoxpro.narkive.com/dyPxbWQD/reemplazo-en-archivo-texto,Aún sin descripcion,Aún sin Comentarios
Programacion,Cursos,noticiasopinion.com,http://noticiasopinion.com/salir-de-datacredito-sin-pagar-un-peso/,Aún sin descripcion,Aún sin Comentarios
Programacion,Cursos,procinal.com,http://procinal.com/ficha-tecnica-pelicula.php?p=Jumanji_Selva&id=4867,Aún sin descripcion,Aún sin Comentarios
Programacion,Cursos,procinal.com,http://procinal.com/home.php,Aún sin descripcion,Aún sin Comentarios
Programacion,Cursos,scaffoldingnotes.blogspot.com.co,http://scaffoldingnotes.blogspot.com.co/2013/04/ruby-on-rails-para-crear-una-nueva-app.html,Aún sin descripcion,Aún sin Comentarios
Programacion,Cursos,sergiofajardo.co,http://sergiofajardo.co/propuestas/,Aún sin descripcion,Aún sin Comentarios
Programacion,Cursos,siamagazin.com,http://siamagazin.com/bike-with-no-chain/,Aún sin descripcion,Aún sin Comentarios
Programacion,Manuales,somebooks.es,http://somebooks.es/configurar-la-interfaz-atom-espanol/,Aún sin descripcion,Aún sin Comentarios
Programacion,Manuales,spanish.railstutorial.org,http://spanish.railstutorial.org/book/frontmatter,Aún sin descripcion,Aún sin Comentarios
Programacion,Manuales,sqlhints.com,http://sqlhints.com/2013/06/15/iif-logical-function-in-sql-server-2012/,Aún sin descripcion,Aún sin Comentarios
Programacion,Manuales,tryruby.org,http://tryruby.org/levels/6/challenges/6,Aún sin descripcion,Aún sin Comentarios
Programacion,Manuales,tutorialesenpdf.com,http://tutorialesenpdf.com/javascript/,Aún sin descripcion,Aún sin Comentarios
Programacion,Manuales,vehiculosantioquia.com,http://vehiculosantioquia.com/impuestosWeb/rediseno/avisoMensaje.jsp,Aún sin descripcion,Aún sin Comentarios
Programacion,Manuales,vervideoaqui.com,http://vervideoaqui.com/hogar/descubre-que-pasa-cuando-agregas-3-bolitas-de-papel-aluminio-a-tu-lavadora-te-encantara/,Aún sin descripcion,Aún sin Comentarios
Programacion,Manuales,www.cognox.co,http://www.cognox.co/sitios/Cognox/default.aspx#Ubicacion,Aún sin descripcion,Aún sin Comentarios
Programacion,Manuales,www.css3generator.com,http://www.css3generator.com/,Aún sin descripcion,Aún sin Comentarios
Programacion,Manuales,www.cuevana2.com,http://www.cuevana2.com/pelicula/,Aún sin descripcion,Aún sin Comentarios
Programacion,Manuales,www.cuevana2.com,http://www.cuevana2.com/reparto/quinton-rampage-jackson/,Aún sin descripcion,Aún sin Comentarios
Programacion,Manuales,www.fotopredio.com,http://www.fotopredio.com/main-contactenos.htm,Aún sin descripcion,Aún sin Comentarios
Programacion,Manuales,www.frikipandi.com,http://www.frikipandi.com/sin-categoria/20150313/como-hacer-copia-de-seguridad-de-bases-de-datos-mysql-desde-la-linea-de-comandos/,Aún sin descripcion,Aún sin Comentarios
Programacion,Manuales,www.icetex.gov.co,http://www.icetex.gov.co/dnnpro5/es-co/pagos.aspx,Aún sin descripcion,Aún sin Comentarios
Programacion,Manuales,www.icetex.gov.co,http://www.icetex.gov.co/dnnpro5/es-co/pagos/estudiantes/reciboypagoenl%C3%ADnea.aspx,Aún sin descripcion,Aún sin Comentarios
Programacion,Manuales,www.informit.com,http://www.informit.com/store/rails-5-way-9780134657677,Aún sin descripcion,Aún sin Comentarios
Videos,Cursos,www.itagui.gov.co,http://www.itagui.gov.co/sitio/portal_transaccional,Aún sin descripcion,Aún sin Comentarios
Videos,Cursos,www.lacolinadeasis.com,http://www.lacolinadeasis.com/home/index.php/contactenos,Aún sin descripcion,Aún sin Comentarios
Videos,Cursos,www.lianja.com,http://www.lianja.com/doc/index.php/Category:Commands,Aún sin descripcion,Aún sin Comentarios
Videos,Cursos,www.lianja.com,http://www.lianja.com/doc/index.php/Introducci%C3%B3n_Parte_1,Aún sin descripcion,Aún sin Comentarios
Videos,Cursos,www.mediafire.com,http://www.mediafire.com/file/xf05mllez1icqwb/Agile.Web.Development.with.Rails.5.1.2017.11.pdf/file,Aún sin descripcion,Aún sin Comentarios
Videos,Cursos,www.monterrey.com.co,http://www.monterrey.com.co/home/escape-confe-s-a/,Aún sin descripcion,Aún sin Comentarios
Videos,Cursos,www.paginasamarillas.com.co,http://www.paginasamarillas.com.co/rionegro/servicios/asesorias-de-transito-y-transporte?home=100110&isPoi=False,Aún sin descripcion,Aún sin Comentarios
Videos,Cursos,www.pagosimple.com,http://www.pagosimple.com/?s=certificado,Aún sin descripcion,Aún sin Comentarios
Videos,Cursos,www.procinal.com,http://www.procinal.com/ficha-tecnica-pelicula.php?p=Coco&id=4807,Aún sin descripcion,Aún sin Comentarios
Videos,Cursos,www.pymnts.com,http://www.pymnts.com/payology/es/register/,Aún sin descripcion,Aún sin Comentarios
Videos,Cursos,www.runt.com.co,http://www.runt.com.co/,Aún sin descripcion,Aún sin Comentarios
Videos,Curiosidades,www.runt.com.co,http://www.runt.com.co/ciudadano/consulta-documento,Aún sin descripcion,Aún sin Comentarios
Videos,Curiosidades,www.runt.com.co,http://www.runt.com.co/ciudadano/consulta-historico-vehicular,Aún sin descripcion,Aún sin Comentarios
Videos,Curiosidades,www.samsung.com,http://www.samsung.com/co/tvs/qled/overview/,Aún sin descripcion,Aún sin Comentarios
Videos,Curiosidades,www.sharetextures.com,http://www.sharetextures.com/textures/metal/fence-rusty/,Aún sin descripcion,Aún sin Comentarios
Videos,Curiosidades,www.sublimetext.com,http://www.sublimetext.com/docs/3/packages.html,Aún sin descripcion,Aún sin Comentarios
Videos,Curiosidades,www.tribudigital.com,http://www.tribudigital.com/registro-webinar/,Aún sin descripcion,Aún sin Comentarios
Videos,Curiosidades,www.vencealcorrupto.com,http://www.vencealcorrupto.com/,Aún sin descripcion,Aún sin Comentarios
Videos,Curiosidades,www.youtvplayer.com,http://www.youtvplayer.com/,Aún sin descripcion,Aún sin Comentarios
Videos,Curiosidades,account.microsoft.com,https://account.microsoft.com/,Aún sin descripcion,Aún sin Comentarios
Videos,Curiosidades,account.samsung.com,https://account.samsung.com/accounts/v1/odchb/changePasswordResult#,Aún sin descripcion,Aún sin Comentarios
Videos,Curiosidades,adictec.com,https://adictec.com/web-para-aprender-ruby-desde-cero/,Aún sin descripcion,Aún sin Comentarios
Gobierno,Impuestos,agenciapublicadeempleo.sena.edu.co,https://agenciapublicadeempleo.sena.edu.co/spe-web/spe/oferta/dashboard,Aún sin descripcion,Aún sin Comentarios
Gobierno,Impuestos,agenciapublicadeempleo.sena.edu.co,https://agenciapublicadeempleo.sena.edu.co/spe-web/spe/oferta/new,Aún sin descripcion,Aún sin Comentarios
Gobierno,Impuestos,app.codeship.com,https://app.codeship.com/registrations/new?utm_source=ebook_vue-js-rails&utm_source=hs_automation&utm_campaign=%5BeBook%5D%20VueJS%20as%20a%20Frontend%20for%20Rails&utm_medium=email&utm_content=65709992&_hsenc=p2ANqtz--MY4eTEfa-H5kwTW9Is60aibhK96DXVRk9RqOOabkI0iPXGcPKKgf9ZeJlF6to4Bl5st1sZMxp-5R-52_cVvGLjBFUFg&_hsmi=65709992,Aún sin descripcion,Aún sin Comentarios
Gobierno,Impuestos,app.exur.com,https://app.exur.com/,Aún sin descripcion,Aún sin Comentarios
Gobierno,Impuestos,app.exur.com,https://app.exur.com/precios,Aún sin descripcion,Aún sin Comentarios
Gobierno,Impuestos,app.shedul.com,https://app.shedul.com/provider/company_details,Aún sin descripcion,Aún sin Comentarios
Gobierno,Impuestos,app.shedul.com,https://app.shedul.com/provider/settings,Aún sin descripcion,Aún sin Comentarios
Gobierno,Impuestos,app.shedul.com,https://app.shedul.com/sign-in,Aún sin descripcion,Aún sin Comentarios
Gobierno,Impuestos,app.sketchup.com,https://app.sketchup.com/app,Aún sin descripcion,Aún sin Comentarios
Gobierno,Impuestos,apps.co,https://apps.co/cuentas/registro/en-camino/,Aún sin descripcion,Aún sin Comentarios
Gobierno,Impuestos,apps.co,https://apps.co/inscripciones/ideacion/,Aún sin descripcion,Aún sin Comentarios
Gobierno,Impuestos,atom.io,https://atom.io/,Aún sin descripcion,Aún sin Comentarios
Gobierno,Impuestos,bbvaopen4u.com,https://bbvaopen4u.com/es/actualidad/apis-para-el-internet-de-las-cosas-thingspeak-pachube-y-fitbit,Aún sin descripcion,Aún sin Comentarios
Gobierno,Impuestos,bsgrupo.com,https://bsgrupo.com/ti/microsoft-mcsa-windows-server-2016-55,Aún sin descripcion,Aún sin Comentarios
Gobierno,Impuestos,cacharrerosdelaweb.com,https://cacharrerosdelaweb.com/2015/12/seis-cursos-gratuitos-para-aprender-javascript-desde-cero.html,Aún sin descripcion,Aún sin Comentarios
Gobierno,Impuestos,campus.tdea.edu.co,https://campus.tdea.edu.co/appsFiles/archivosminerva/pdfs/OM_406670_38_12018_2.pdf,Aún sin descripcion,Aún sin Comentarios
Gobierno,Impuestos,cdn2.hubspot.net,https://cdn2.hubspot.net/hubfs/2924145/Tutorial_Python_Django_y_REST(ebook).pdf?t=1527252249623&utm_campaign=Bootcamp%20Web&utm_source=hs_automation&utm_medium=email&utm_content=63234838&_hsenc=p2ANqtz-9wNr7OLWUFfl3Zto4c7FDm6voHW8vIuGtaezsJwxskAAZ53CAgMXTSojIWOMNxAqQ6U2CAm-X2xo8F0A-7k52Jz7jI-A&_hsmi=63234838,Aún sin descripcion,Aún sin Comentarios
Gobierno,Impuestos,chart.googleapis.com,https://chart.googleapis.com/chart?chs=150x150&cht=qr&chi=A1),Aún sin descripcion,Aún sin Comentarios
Gobierno,Impuestos,co.celulares.com,https://co.celulares.com/comparar/samsung-galaxy-j7-neo-y-samsung-galaxy-j7-prime,Aún sin descripcion,Aún sin Comentarios
Gobierno,Impuestos,co.indeed.com,https://co.indeed.com/ver-empleo?jk=4f5d713bd70b0ec8&q=FOX&tk=1c7e8dlpeavkj8e0&from=ifa&utm_source=publisher&utm_medium=cpc&utm_campaign=ifa_catch_all&pub=b0b193551cf4f8b4519a42806a7df7350cace3277f6b99df,Aún sin descripcion,Aún sin Comentarios
Gobierno,Impuestos,co.pinterest.com,https://co.pinterest.com/pin/501236633517816369/,Aún sin descripcion,Aún sin Comentarios
Gobierno,Impuestos,co.pinterest.com,https://co.pinterest.com/pin/506936501790897554/,Aún sin descripcion,Aún sin Comentarios
Gobierno,Impuestos,co.pinterest.com,https://co.pinterest.com/pin/544724517413731784/,Aún sin descripcion,Aún sin Comentarios
Gobierno,Impuestos,co.pinterest.com,https://co.pinterest.com/pin/597360338047901764/?utm_campaign=category_pp&e_t=72afe34b8f7f4fa1a18c4f05de318dd9&utm_content=597360338047901764&utm_source=31&utm_term=5&utm_medium=2012,Aún sin descripcion,Aún sin Comentarios
Gobierno,Otros,co.pinterest.com,https://co.pinterest.com/pin/623748617112278790/,Aún sin descripcion,Aún sin Comentarios
Gobierno,Otros,co.pinterest.com,https://co.pinterest.com/pin/67765169373633860/?utm_campaign=category_pp&e_t=2bf43bccdbcb498c8cfe48a9a38fabcc&utm_content=67765169373633860&utm_source=31&utm_term=1&utm_medium=2012,Aún sin descripcion,Aún sin Comentarios
Gobierno,Otros,co.pinterest.com,https://co.pinterest.com/pin/751116044075107152/,Aún sin descripcion,Aún sin Comentarios
Gobierno,Otros,co.pinterest.com,https://co.pinterest.com/pin/760263980815268494/,Aún sin descripcion,Aún sin Comentarios
Gobierno,Otros,co.pinterest.com,https://co.pinterest.com/pin/768286017653879342/,Aún sin descripcion,Aún sin Comentarios
Gobierno,Otros,co.pinterest.com,https://co.pinterest.com/pin/778559854303471501/?utm_campaign=category_pp&e_t=2bf43bccdbcb498c8cfe48a9a38fabcc&utm_content=778559854303471501&utm_source=31&utm_term=5&utm_medium=2012,Aún sin descripcion,Aún sin Comentarios
Gobierno,Otros,co.pinterest.com,https://co.pinterest.com/pin/794885402953191824/,Aún sin descripcion,Aún sin Comentarios
Gobierno,Otros,co.pinterest.com,https://co.pinterest.com/pin/826199494115559829/,Aún sin descripcion,Aún sin Comentarios
Gobierno,Otros,codeshare.io,https://codeshare.io/a304RL,Aún sin descripcion,Aún sin Comentarios
Gobierno,Otros,comprarseguros.com.co,https://comprarseguros.com.co/Site/Compra/PolizaSOAT.aspx?gclid=CjwKCAjwhqXbBRAREiwAucoo-zWjbeexl_75Q7bf_6OgiKotxuK353oJTNWjlF_WemoPxVhbtIplNhoCcgAQAvD_BwE,Aún sin descripcion,Aún sin Comentarios
Gobierno,Otros,consulta.simit.org.co,https://consulta.simit.org.co/Simit/index.html,Aún sin descripcion,Aún sin Comentarios
Gobierno,Otros,d2saw6je89goi1.cloudfront.net,https://d2saw6je89goi1.cloudfront.net/uploads/digital_asset/file/293937/5_Mapas_Mentales.pdf?utm_content=6781821&utm_medium=Email&utm_name=Id&utm_source=Actionetics,Aún sin descripcion,Aún sin Comentarios
Gobierno,Otros,dashboard.heroku.com,https://dashboard.heroku.com/apps/gbwebs/settings,Aún sin descripcion,Aún sin Comentarios
Gobierno,Otros,devcenter.heroku.com,https://devcenter.heroku.com/categories/ruby,Aún sin descripcion,Aún sin Comentarios
Gobierno,Otros,developer.mozilla.org,https://developer.mozilla.org/en-US/docs/Tools/Page_Inspector/3-pane_mode?utm_medium=3-pane-onboarding&utm_source=devtools,Aún sin descripcion,Aún sin Comentarios
Gobierno,Otros,developer.mozilla.org,https://developer.mozilla.org/es/docs/Web/JavaScript/Referencia,Aún sin descripcion,Aún sin Comentarios
Gobierno,Otros,developer.mozilla.org,https://developer.mozilla.org/es/docs/Web/JavaScript/Referencia/Objetos_globales,Aún sin descripcion,Aún sin Comentarios
Gobierno,Otros,developer.mozilla.org,https://developer.mozilla.org/es/docs/Web/JavaScript/Referencia/Palabras_Reservadas,Aún sin descripcion,Aún sin Comentarios
Gobierno,Otros,docs.google.com,https://docs.google.com/forms/d/1mF4naU0QoYklidEGyFO9w0EI_Mgz4Q6S1IpP2WH9xlY/edit,Aún sin descripcion,Aún sin Comentarios
Gobierno,Otros,docs.microsoft.com,https://docs.microsoft.com/en-us/sql/ssms/download-sql-server-management-studio-ssms,Aún sin descripcion,Aún sin Comentarios
Gobierno,Otros,docs.microsoft.com,https://docs.microsoft.com/es-es/sql/database-engine/configure-windows/configure-windows-service-accounts-and-permissions,Aún sin descripcion,Aún sin Comentarios
Gobierno,Otros,drive.google.com,https://drive.google.com/drive/my-drive,Aún sin descripcion,Aún sin Comentarios
Gobierno,Otros,drive.google.com,https://drive.google.com/file/d/0B0vXdi8BNTrPLTBjbllzdHluaFU/view,Aún sin descripcion,Aún sin Comentarios
Personales,Aprendizaje,drive.google.com,https://drive.google.com/file/d/0B0vXdi8BNTrPLUFlUmJ1X3JBamc/view,Aún sin descripcion,Aún sin Comentarios
Personales,Aprendizaje,drive.google.com,https://drive.google.com/file/d/0B0vXdi8BNTrPM3U4cVBDUVVzU1E/view,Aún sin descripcion,Aún sin Comentarios
Personales,Aprendizaje,drive.google.com,https://drive.google.com/file/d/0B0vXdi8BNTrPNGgtQXlmaVpsTmM/view,Aún sin descripcion,Aún sin Comentarios
Personales,Aprendizaje,drive.google.com,https://drive.google.com/file/d/0B0vXdi8BNTrPU2FBYmc0TVhNRlU/view,Aún sin descripcion,Aún sin Comentarios
Personales,Aprendizaje,drive.google.com,https://drive.google.com/file/d/0BwXAWtwKOIHFWG9ybVBaTWlWQ3M/view,Aún sin descripcion,Aún sin Comentarios
Personales,Aprendizaje,empoderadas.com,https://empoderadas.com/carolina-herrera-moda-consejos-mujer/,Aún sin descripcion,Aún sin Comentarios
Personales,Aprendizaje,en.gravatar.com,https://en.gravatar.com/profiles/edit?saved=true#your-links,Aún sin descripcion,Aún sin Comentarios
Personales,Aprendizaje,es.gravatar.com,https://es.gravatar.com/site/implement/,Aún sin descripcion,Aún sin Comentarios
Personales,Aprendizaje,es.wikiversity.org,https://es.wikiversity.org/wiki/Dise%C3%B1o_Web/Retos_Javascript,Aún sin descripcion,Aún sin Comentarios
Personales,Aprendizaje,forums.mysql.com,"https://forums.mysql.com/read.php?71,280709,280880",Aún sin descripcion,Aún sin Comentarios
Personales,Aprendizaje,gainfromhere.com,https://gainfromhere.com/top-ruby-rails-courses-online/,Aún sin descripcion,Aún sin Comentarios
Personales,Aprendizaje,git.heroku.com,https://git.heroku.com/gbwebs.git,Aún sin descripcion,Aún sin Comentarios
Personales,Aprendizaje,github.com,https://github.com/danielmoralesp/guias-de-rails-espanol/blob/master/migraciones-en-active-record.md,Aún sin descripcion,Aún sin Comentarios
Personales,Aprendizaje,github.com,https://github.com/guibetancur/inmobil/tree/master/config,Aún sin descripcion,Aún sin Comentarios
Personales,Aprendizaje,github.com,https://github.com/kamranahmedse/developer-roadmap,Aún sin descripcion,Aún sin Comentarios
Personales,Aprendizaje,gsyc.urjc.es,https://gsyc.urjc.es/~mortuno/at/03-javascript_i.pdf,Aún sin descripcion,Aún sin Comentarios
Personales,Aprendizaje,help.sketchup.com,https://help.sketchup.com/es,Aún sin descripcion,Aún sin Comentarios
Personales,Aprendizaje,identity.trimble.com,https://identity.trimble.com/trimble-identity/identity/main/forgotpassword?tenant=&sp=login.sketchup.com&lang=en&application=login.sketchup.com,Aún sin descripcion,Aún sin Comentarios
Personales,Aprendizaje,learndigital.withgoogle.com,https://learndigital.withgoogle.com/garagedigital/?dclid=CJ35ubeZ1dgCFUcbhgod1ZILKQ,Aún sin descripcion,Aún sin Comentarios
Personales,Aprendizaje,learndigital.withgoogle.com,https://learndigital.withgoogle.com/garagedigital/?dclid=CMvu2vuFi9gCFVANhgodQNoCgw,Aún sin descripcion,Aún sin Comentarios
Personales,Aprendizaje,librosweb.es,https://librosweb.es/libro/javascript/,Aún sin descripcion,Aún sin Comentarios
Personales,Aprendizaje,librosweb.es,https://librosweb.es/libro/javascript/capitulo-1/glosario-basico.html,Aún sin descripcion,Aún sin Comentarios
Personales,Aprendizaje,listado.mercadolibre.com.co,https://listado.mercadolibre.com.co/camaras-accesorios/telescopios-binoculares/telescopios/telescopios-astronomicos-medellin,Aún sin descripcion,Aún sin Comentarios
Personales,Aprendizaje,m.facebook.com,https://m.facebook.com/groups/148908031816107?view=permalink&id=1913754325331460&_rdr,Aún sin descripcion,Aún sin Comentarios
Personales,Aprendizaje,m.facebook.com,https://m.facebook.com/story.php?story_fbid=10155879500425126&id=111367450125&_rdr,Aún sin descripcion,Aún sin Comentarios
Personales,Aprendizaje,m.facebook.com,https://m.facebook.com/story.php?story_fbid=10156329960085549&id=733640548&_rdr,Aún sin descripcion,Aún sin Comentarios
Personales,Aprendizaje,m.facebook.com,https://m.facebook.com/story.php?story_fbid=10213167896697634&id=1401600639&_rdr,Aún sin descripcion,Aún sin Comentarios
Personales,Aprendizaje,m.facebook.com,https://m.facebook.com/story.php?story_fbid=10215445891732081&id=1581452711&_rdr,Aún sin descripcion,Aún sin Comentarios
Personales,Aprendizaje,m.facebook.com,https://m.facebook.com/story.php?story_fbid=1158505587626452&id=729609697182712&_rdr,Aún sin descripcion,Aún sin Comentarios
Personales,Aprendizaje,m.facebook.com,https://m.facebook.com/story.php?story_fbid=1267494656726860&id=1896806713936223&_rdr,Aún sin descripcion,Aún sin Comentarios
Personales,Aprendizaje,m.facebook.com,https://m.facebook.com/story.php?story_fbid=1474526342645965&id=1375983195833614&_rdr,Aún sin descripcion,Aún sin Comentarios
Personales,Aprendizaje,m.facebook.com,https://m.facebook.com/story.php?story_fbid=1629891720402117&id=512484722142828&_rdr,Aún sin descripcion,Aún sin Comentarios
Personales,Aprendizaje,m.facebook.com,https://m.facebook.com/story.php?story_fbid=1748262588810738&id=1465923840377949&_rdr,Aún sin descripcion,Aún sin Comentarios
Personales,Aprendizaje,m.facebook.com,https://m.facebook.com/story.php?story_fbid=1790088734645600&id=1402711146716696&_rdr,Aún sin descripcion,Aún sin Comentarios
Personales,Aprendizaje,m.facebook.com,https://m.facebook.com/story.php?story_fbid=1817026555285151&id=1402711146716696&_rdr,Aún sin descripcion,Aún sin Comentarios
Personales,Aprendizaje,m.facebook.com,https://m.facebook.com/story.php?story_fbid=183320595707856&id=157341921639057&_rdr,Aún sin descripcion,Aún sin Comentarios
Personales,Aprendizaje,m.facebook.com,https://m.facebook.com/story.php?story_fbid=1852292971479972&id=150579504984669&_rdr,Aún sin descripcion,Aún sin Comentarios
Personales,Aprendizaje,m.facebook.com,https://m.facebook.com/story.php?story_fbid=1881525305191708&id=631575563520028&_rdr,Aún sin descripcion,Aún sin Comentarios
Personales,Aprendizaje,m.facebook.com,https://m.facebook.com/story.php?story_fbid=1947736425237262&id=631575563520028&_rdr,Aún sin descripcion,Aún sin Comentarios
Personales,Aprendizaje,m.facebook.com,https://m.facebook.com/story.php?story_fbid=2007677396174198&id=1893608454247760&_rdr,Aún sin descripcion,Aún sin Comentarios
Personales,Aprendizaje,m.facebook.com,https://m.facebook.com/story.php?story_fbid=2074861742799635&id=1483176595301489&_rdr,Aún sin descripcion,Aún sin Comentarios
Personales,Aprendizaje,m.facebook.com,https://m.facebook.com/story.php?story_fbid=2172902236258043&id=1706425456239059&_rdr,Aún sin descripcion,Aún sin Comentarios
Personales,Aprendizaje,m.facebook.com,https://m.facebook.com/story.php?story_fbid=2399111936766373&id=631575563520028&_rdr,Aún sin descripcion,Aún sin Comentarios
Personales,Aprendizaje,m.facebook.com,https://m.facebook.com/story.php?story_fbid=809568829204367&id=733181473509770&_rdr,Aún sin descripcion,Aún sin Comentarios
Personales,Aprendizaje,m.facebook.com,https://m.facebook.com/story.php?story_fbid=850222815183824&id=650710405135067&_rdr,Aún sin descripcion,Aún sin Comentarios
Personales,Aprendizaje,m.facebook.com,https://m.facebook.com/story.php?story_fbid=900646540115592&id=532962676883982&_rdr,Aún sin descripcion,Aún sin Comentarios
Personales,Desarrollo,makeitreal.camp,https://makeitreal.camp/dashboard,Aún sin descripcion,Aún sin Comentarios
Personales,Desarrollo,makeitreal.camp,https://makeitreal.camp/subjects/html-y-css#resources,Aún sin descripcion,Aún sin Comentarios
Personales,Desarrollo,mapasmentalesvip.com,https://mapasmentalesvip.com/gracias-lead-mm?cf_uvid=0d4fec41ab48bc7546f90110c0d85caa,Aún sin descripcion,Aún sin Comentarios
Personales,Desarrollo,medium.com,https://medium.com/@kevyder/optimiza-las-respuestas-json-de-tus-apis-en-ruby-on-rails-53012f4267ea,Aún sin descripcion,Aún sin Comentarios
Personales,Desarrollo,medium.com,https://medium.com/@lfv89/rails-console-magic-tricks-da1fdd657d32,Aún sin descripcion,Aún sin Comentarios
Personales,Desarrollo,mega.nz,https://mega.nz/#fm/transfers,Aún sin descripcion,Aún sin Comentarios
Personales,Desarrollo,miclaro.com.co,https://miclaro.com.co/PS/Login.aspx?ReturnUrl=%2fPS%2f,Aún sin descripcion,Aún sin Comentarios
Personales,Desarrollo,mobile.facebook.com,https://mobile.facebook.com/story.php?story_fbid=724660910991770&id=306169412840924&_rdr,Aún sin descripcion,Aún sin Comentarios
Personales,Desarrollo,muisca.dian.gov.co,https://muisca.dian.gov.co/WebArquitectura/DefPasswordRecuperacion.faces,Aún sin descripcion,Aún sin Comentarios
Personales,Desarrollo,muisca.dian.gov.co,https://muisca.dian.gov.co/WebRutMuisca/DefConsultaEstadoRUT.faces,Aún sin descripcion,Aún sin Comentarios
Personales,Desarrollo,mychevroletaveo.wordpress.com,https://mychevroletaveo.wordpress.com/2011/09/30/codigos-de-desbloqueo-de-radio-estereo/comment-page-23/,Aún sin descripcion,Aún sin Comentarios
Personales,Desarrollo,offers.hubspot.es,https://offers.hubspot.es/formulas-de-excel-basicas-para-marketers?utm_source=facebook&utm_medium=paid&utm_campaign=Marketing_DirectLead_ES_LATAM_LATAM_ExcelForMarketersES_LAL_Desktop_Ad1_Facebook_Desktop_Feed_fb&hs_fb_account_id=44581710&hs_fb_campaign_id=6088086680367&hs_fb_adset_id=6088086680767&hs_fb_ad_id=6088086681767&hs_parent_creative_id=6088094531167&source=fb,Aún sin descripcion,Aún sin Comentarios
Personales,Desarrollo,#Â­VALOR!,https://offers.hubspot.es,Aún sin descripcion,Aún sin Comentarios
Personales,Desarrollo,onedrive.live.com,https://onedrive.live.com/edit.aspx?cid=2a91e1925000146c&page=view&resid=2A91E1925000146C!10624&parId=2A91E1925000146C!131&app=Excel,Aún sin descripcion,Aún sin Comentarios
Personales,Desarrollo,onedrive.live.com,https://onedrive.live.com/edit.aspx?cid=2a91e1925000146c&page=view&resid=2A91E1925000146C!10896&parId=2A91E1925000146C!131&app=Excel,Aún sin descripcion,Aún sin Comentarios
Personales,Desarrollo,online2pdf.com,https://online2pdf.com/en/pdf2excel,Aún sin descripcion,Aún sin Comentarios
Personales,Desarrollo,online2pdf.com,https://online2pdf.com/pdf2excel,Aún sin descripcion,Aún sin Comentarios
Personales,Desarrollo,open.spotify.com,https://open.spotify.com/search/results/jazz,Aún sin descripcion,Aún sin Comentarios
Personales,Desarrollo,photos.google.com,https://photos.google.com/search/_cAF1QipOccNaaYkFNREXVrXl5RMBSzG6~u2u-UU20_,Aún sin descripcion,Aún sin Comentarios
Personales,Desarrollo,planner5d.com,https://planner5d.com/e/,Aún sin descripcion,Aún sin Comentarios
Personales,Desarrollo,plataforma.keepcoding.io,https://plataforma.keepcoding.io/courses/curso-de-bbdd-sql-mysql-desde-cero-gratis/lectures/3981289,Aún sin descripcion,Aún sin Comentarios
Personales,Desarrollo,platzi.com,https://platzi.com/clases/programacion-basica/concepto/bienvenido-al-curso0560/bienvenidos/material/,Aún sin descripcion,Aún sin Comentarios
Personales,Desarrollo,play.google.com,https://play.google.com/store/apps/details?id=veneno.playtv.android,Aún sin descripcion,Aún sin Comentarios
Personales,Desarrollo,play.google.com,https://play.google.com/store/apps/details?id=veneno.playtv.android,Aún sin descripcion,Aún sin Comentarios
Personales,Desarrollo,portadainmobiliaria.com,https://portadainmobiliaria.com/inmuebles/venta/18273/apartamento-en-antioquia-itagui-ditaires#slide-2-field_imagen_inmueble-18273,Aún sin descripcion,Aún sin Comentarios
Personales,Desarrollo,portal.icetex.gov.co,https://portal.icetex.gov.co/Portal/Home/HomeEstudiante/gesti%c3%b3n-credito-estudiante/descargue-su-recibo,Aún sin descripcion,Aún sin Comentarios
Personales,Desarrollo,portal.icetex.gov.co,https://portal.icetex.gov.co/Portal/Home/HomeEstudiante/gestion-credito-estudiante,Aún sin descripcion,Aún sin Comentarios
Personales,Desarrollo,portal.icetex.gov.co,https://portal.icetex.gov.co/Portal/Home/HomeEstudiante/gestion-credito-estudiante,Aún sin descripcion,Aún sin Comentarios
Personales,Desarrollo,presov.com.co,https://presov.com.co/#layers-widget-column-10,Aún sin descripcion,Aún sin Comentarios
Personales,Desarrollo,pse.todo1.com,https://pse.todo1.com/PseBancolombia/control/AuthenticationPSE.personal#no-back-button,Aún sin descripcion,Aún sin Comentarios
Personales,Desarrollo,recursosarquitectura.blogspot.com.co,https://recursosarquitectura.blogspot.com.co/,Aún sin descripcion,Aún sin Comentarios
Personales,Desarrollo,recursosarquitectura.blogspot.com.co,https://recursosarquitectura.blogspot.com.co/2018/03/sketchup-pro-2018-espanol-ingles-64.html,Aún sin descripcion,Aún sin Comentarios
Personales,Desarrollo,register.gotowebinar.com,https://register.gotowebinar.com/rt/5862971321087347713,Aún sin descripcion,Aún sin Comentarios
Personales,Desarrollo,resources.codeship.com,https://resources.codeship.com/hubfs/Codeship_VueJS-as-a-Frontend-for-Rails.pdf?t=1535407544005&utm_campaign=%5BeBook%5D%20VueJS%20as%20a%20Frontend%20for%20Rails&utm_source=hs_automation&utm_medium=email&utm_content=65709992&_hsenc=p2ANqtz--MY4eTEfa-H5kwTW9Is60aibhK96DXVRk9RqOOabkI0iPXGcPKKgf9ZeJlF6to4Bl5st1sZMxp-5R-52_cVvGLjBFUFg&_hsmi=65709992,Aún sin descripcion,Aún sin Comentarios
Personales,Desarrollo,rolandocaldas.com,https://rolandocaldas.com/html5/como-incluir-javascript-en-html5,Aún sin descripcion,Aún sin Comentarios
Personales,Desarrollo,servicio.nuevosoi.com.co,https://servicio.nuevosoi.com.co/soi/certificadoAportesCotizante.do,Aún sin descripcion,Aún sin Comentarios
Personales,Desarrollo,servicio.nuevosoi.com.co,https://servicio.nuevosoi.com.co/soi/certificadoAportesCotizante.do,Aún sin descripcion,Aún sin Comentarios
Personales,Desarrollo,servicio.nuevosoi.com.co,https://servicio.nuevosoi.com.co/soi/certificadoAportesCotizante.do?descargarSoporte=descargarSoporte,Aún sin descripcion,Aún sin Comentarios
Personales,Desarrollo,servicio.nuevosoi.com.co,https://servicio.nuevosoi.com.co/soi/consultaPlanilla.do,Aún sin descripcion,Aún sin Comentarios
Personales,Desarrollo,servicio.nuevosoi.com.co,https://servicio.nuevosoi.com.co/soi/pagoPlanillaPSEResultado.do,Aún sin descripcion,Aún sin Comentarios
Personales,Desarrollo,servicio.nuevosoi.com.co,https://servicio.nuevosoi.com.co/soi/reporteUltimosMesesCot.do?ingresar=Ingresar,Aún sin descripcion,Aún sin Comentarios
Personales,Desarrollo,sketchup3d.org,https://sketchup3d.org/descargar-gabster-lite/,Aún sin descripcion,Aún sin Comentarios
Personales,Desarrollo,snrbotondepago.gov.co,https://snrbotondepago.gov.co/certificado/external/validation/validate.snr,Aún sin descripcion,Aún sin Comentarios
Personales,Desarrollo,sportzbonanza.com,https://sportzbonanza.com/post240064728/,Aún sin descripcion,Aún sin Comentarios
Personales,Desarrollo,strokescribe.com,https://strokescribe.com/en/barcode-office-addin.html,Aún sin descripcion,Aún sin Comentarios
Personales,Desarrollo,strokescribe.com,https://strokescribe.com/en/download.html,Aún sin descripcion,Aún sin Comentarios
Personales,Familiares,strokescribe.com,https://strokescribe.com/en/thanks.html?w=6.03.9600&x=64&l=3082&i=&t=03072018214152&v=5.0.7.0&p=f790e6ba5c1768772ae1189b7aea51ce,Aún sin descripcion,Aún sin Comentarios
Personales,Familiares,sucursalpersonas.transaccionesbancolombia.com,https://sucursalpersonas.transaccionesbancolombia.com/cb/pages/jsp-ns/login-mada.jsp,Aún sin descripcion,Aún sin Comentarios
Personales,Familiares,sucursalpersonas.transaccionesbancolombia.com,https://sucursalpersonas.transaccionesbancolombia.com/mua/USER?scis=R94S2ssggmeouo0LGna%2Bj%2BE2WuhUouyZE%2F10VE0kJJI%3D#no-back-button,Aún sin descripcion,Aún sin Comentarios
Personales,Familiares,support.microsoft.com,https://support.microsoft.com/en-us/help/949529/importing-data-from-a-microsoft-excel-2007-workbook-using-visual-foxpr,Aún sin descripcion,Aún sin Comentarios
Personales,Familiares,support.office.com,https://support.office.com/es-es/article/agregar-o-registrar-un-control-activex-8fc743a1-e72b-4b55-af3a-85d326e53918,Aún sin descripcion,Aún sin Comentarios
Personales,Familiares,support.office.com,https://support.office.com/es-es/article/se-han-retirado-las-im%c3%a1genes-predise%c3%b1adas-en-office-online-4b0bba44-1d84-4a5e-8822-466769a244a2?ui=es-ES&rs=es-ES&ad=ES,Aún sin descripcion,Aún sin Comentarios
Personales,Familiares,techcommunity.microsoft.com,https://techcommunity.microsoft.com/t5/Microsoft-Teams-Blog/Introducing-a-free-version-of-Microsoft-Teams/ba-p/214592?MC=MsgCollab&MC=WinServer&MC=SysMagSof&MC=Virtual,Aún sin descripcion,Aún sin Comentarios
Personales,Familiares,technet.microsoft.com,https://technet.microsoft.com/es-es/library/ms162814(v=sql.105).aspx,Aún sin descripcion,Aún sin Comentarios
Personales,Familiares,transacciones.tigo.com.co,https://transacciones.tigo.com.co/confirmacion-pago/?redirect=true&sig=23f2c183a2a942a6fd833859514e75b5895d499ddfa4e2f46f4becf73772aaef,Aún sin descripcion,Aún sin Comentarios
Personales,Familiares,transacciones.tigo.com.co,https://transacciones.tigo.com.co/confirmacion-pago/?redirect=true&sig=d3e901d9e3ae586a4e519be97ba4bd830068297cb85698cbeca4586d4ea08c5e,Aún sin descripcion,Aún sin Comentarios
Personales,Familiares,twitter.com,https://twitter.com/sergio_fajardo,Aún sin descripcion,Aún sin Comentarios
Personales,Familiares,us.community.sony.com,https://us.community.sony.com/s/global-search/Rechargeable%20Battery?language=en_US,Aún sin descripcion,Aún sin Comentarios
Personales,Familiares,video.feoh3-1.fna.fbcdn.net,https://video.feoh3-1.fna.fbcdn.net/v/t42.1790-2/15837900_1634145806882277_1477310115206922240_n.mp4?_nc_cat=0&efg=eyJ2ZW5jb2RlX3RhZyI6InN2ZV9zZCJ9&oh=99b0ca327081fe10f96f97a0c692ab0a&oe=5B502832,Aún sin descripcion,Aún sin Comentarios
Personales,Familiares,video.feoh3-1.fna.fbcdn.net,https://video.feoh3-1.fna.fbcdn.net/v/t42.9040-2/35153860_201372250491071_9058397077385510912_n.mp4?_nc_cat=1&efg=eyJ2ZW5jb2RlX3RhZyI6InN2ZV9zZCJ9&oh=b91ba516aa4c317a2f29416f664b362e&oe=5B72A1DF,Aún sin descripcion,Aún sin Comentarios
Personales,Familiares,video.feoh3-1.fna.fbcdn.net,https://video.feoh3-1.fna.fbcdn.net/v/t42.9040-2/41647526_542178109565905_1739372526934425600_n.mp4?_nc_cat=1&efg=eyJ2ZW5jb2RlX3RhZyI6InN2ZV9zZCJ9&oh=c060ad17d72b94f45ad84320e90ee95f&oe=5B9B2425,Aún sin descripcion,Aún sin Comentarios
Personales,Familiares,www.alegra.com,https://www.alegra.com/colombia/precios,Aún sin descripcion,Aún sin Comentarios
Personales,Familiares,www.aprendeinglessila.com,https://www.aprendeinglessila.com/2012/12/12-trucos-para-practicar-tu-ingles/,Aún sin descripcion,Aún sin Comentarios
Personales,Familiares,www.arataacademy.com,https://www.arataacademy.com/spa/,Aún sin descripcion,Aún sin Comentarios
Personales,Familiares,www.babbel.com,https://www.babbel.com/en/magazine/speak-a-new-language-in-3-weeks-with-this-app?bsc=engmag-a290-cunycutdown-cd-xo-tb&btp=1_eng_tab_cd&utm_campaign=CD_ENGALL_gEN_cXO_CunyCutdown&utm_medium=CON&utm_source=Taboola&utm_term=disqus-widget-safetylevel20longtail09,Aún sin descripcion,Aún sin Comentarios
Personales,Familiares,www.banggood.com,https://www.banggood.com/235mm-x-120mm-x-8mm-Aluminum-Router-Table-Insert-Plate-For-Woodworking-Benches-p-1089312.html?currency=USD&utm_source=facebook&utm_medium=cpc_elc&utm_content=dendi&utm_ho=18&utm_campaign=elc2-dpt-dpt-com-all-repc&cur_warehouse=CN,Aún sin descripcion,Aún sin Comentarios
Personales,Familiares,www.banggood.com,https://www.banggood.com/Airless-Paint-Spray-Gun-Tip-Guard-Nozzle-Seat-p-1080676.html?currency=USD&utm_source=facebook&utm_medium=cpc_elc&utm_content=mario&utm_campaign=dpt-ele-itunes-in-nr18-mpa&cur_warehouse=CN,Aún sin descripcion,Aún sin Comentarios
Personales,Familiares,www.bebesymas.com,https://www.bebesymas.com/educacion-infantil/27-cosas-que-han-de-saber-los-ninos-a-los-12-anos-y-mejor-que-las-conozcan-por-ti,Aún sin descripcion,Aún sin Comentarios
Personales,Familiares,www.cinecolombia.com,https://www.cinecolombia.com/pelicula/medellin/jumanji-en-la-selva,Aún sin descripcion,Aún sin Comentarios
Personales,Familiares,www.clarovideo.com,https://www.clarovideo.com/colombia/homeuser,Aún sin descripcion,Aún sin Comentarios
Personales,Familiares,www.codeschool.com,https://www.codeschool.com/courses/rails-for-zombies-redux/,Aún sin descripcion,Aún sin Comentarios
Personales,Familiares,www.codigonaranja.com,https://www.codigonaranja.com/2017/escribe-codigo-mas-rapido-atom/,Aún sin descripcion,Aún sin Comentarios
Personales,Familiares,www.colpensiones.gov.co,https://www.colpensiones.gov.co/venportufuturo/publicaciones.php?id=2901&utm_source=boletin&utm_medium=email&utm_campaign=boletin_afiliado&utm_term=boletin4,Aún sin descripcion,Aún sin Comentarios
Personales,Familiares,www.criteriacorp.com,https://www.criteriacorp.com/resources/candidates.php,Aún sin descripcion,Aún sin Comentarios
Personales,Familiares,www.cuevana2.com,https://www.cuevana2.com/,Aún sin descripcion,Aún sin Comentarios
Personales,Familiares,www.cuevana2.com,https://www.cuevana2.com/fecha-de-estreno/2018/,Aún sin descripcion,Aún sin Comentarios
Personales,Familiares,www.cuevana2.com,https://www.cuevana2.com/pelicula/blade-runner/,Aún sin descripcion,Aún sin Comentarios
Personales,Familiares,www.cuevana2.com,https://www.cuevana2.com/pelicula/silencio/,Aún sin descripcion,Aún sin Comentarios
Personales,Familiares,www.cuevana2.com,https://www.cuevana2.com/titulo/the-other-son/,Aún sin descripcion,Aún sin Comentarios
Personales,Familiares,www.cuevana2.tv,https://www.cuevana2.tv/pelicula/page/2/,Aún sin descripcion,Aún sin Comentarios
Personales,Familiares,www.desarrolloweb.com,https://www.desarrolloweb.com/app.php?slug=desarrollo-javascript-lado-cliente&manual=Desarrollo+en+Javascript+del+lado+del+cliente,Aún sin descripcion,Aún sin Comentarios
Personales,Familiares,www.desarrolloweb.com,https://www.desarrolloweb.com/manuales/manual-javascript.html,Aún sin descripcion,Aún sin Comentarios
Personales,Familiares,www.dian.gov.co,https://www.dian.gov.co/Transaccional/Paginas/OtrosServicios.aspx,Aún sin descripcion,Aún sin Comentarios
Personales,Familiares,www.epm.com.co,https://www.epm.com.co/site/clientes_usuarios/clientes-y-usuarios/peticiones-quejas-y-reclamos,Aún sin descripcion,Aún sin Comentarios
Personales,Familiares,www.epm.com.co,https://www.epm.com.co/site/home/institucional/servicios-y-transacciones-en-linea,Aún sin descripcion,Aún sin Comentarios
Personales,Familiares,www.epm.com.co,https://www.epm.com.co/site/home/institucional/servicios-y-transacciones-en-linea,Aún sin descripcion,Aún sin Comentarios
Personales,Familiares,www.exito.com,https://www.exito.com/browse?Ntt=Desc_c3lul4r3s_gj7,Aún sin descripcion,Aún sin Comentarios
Personales,Familiares,www.facebook.com,https://www.facebook.com/videotutorialescom-204008079636319/?timeline_context_item_type=intro_card_work&timeline_context_item_source=629707691&fref=tag,Aún sin descripcion,Aún sin Comentarios
Personales,Familiares,www.facturascripts.com,https://www.facturascripts.com/,Aún sin descripcion,Aún sin Comentarios
Personales,Familiares,www.falabella.com.co,https://www.falabella.com.co/falabella-co/category/cat1660941/Celulares-Libres?kid=100150303519&rrss_p=1&k_clickid=ad6b63e5-3575-40cd-afc3-8e1a5bc9dd06,Aún sin descripcion,Aún sin Comentarios
Personales,Familiares,www.falabella.com.co,https://www.falabella.com.co/falabella-co/product/3176269/Y7-Prime-Dorado-Celular-Libre/3176269,Aún sin descripcion,Aún sin Comentarios
Personales,Familiares,www.falabella.com.co,https://www.falabella.com.co/falabella-co/product/prod6570007/Galaxy-J7-Prime-32-GB/3397750,Aún sin descripcion,Aún sin Comentarios
Personales,Curiosidades,www.fincaraiz.com.co,https://www.fincaraiz.com.co/client/Client.aspx,Aún sin descripcion,Aún sin Comentarios
Personales,Curiosidades,www.gerencie.com,https://www.gerencie.com/buscarv-avanzado-argumento-valor_buscado-parte-2.html,Aún sin descripcion,Aún sin Comentarios
Personales,Curiosidades,www.gerencie.com,https://www.gerencie.com/buscarv-avanzado-y-algunos-trucos.html,Aún sin descripcion,Aún sin Comentarios
Personales,Curiosidades,www.google.com.co,https://www.google.com.co/,Aún sin descripcion,Aún sin Comentarios
Personales,Curiosidades,www.grupobancolombia.com,https://www.grupobancolombia.com/wps/portal/personas,Aún sin descripcion,Aún sin Comentarios
Personales,Curiosidades,www.grupobancolombia.com,https://www.grupobancolombia.com/wps/portal/personas,Aún sin descripcion,Aún sin Comentarios
Personales,Curiosidades,www.grupobancolombia.com,https://www.grupobancolombia.com/wps/portal/personas,Aún sin descripcion,Aún sin Comentarios
Personales,Curiosidades,www.grupobancolombia.com,https://www.grupobancolombia.com/wps/portal/personas,Aún sin descripcion,Aún sin Comentarios
Personales,Curiosidades,www.guiasrails.co,https://www.guiasrails.co/fundamentos-de-active-record.html,Aún sin descripcion,Aún sin Comentarios
Personales,Curiosidades,www.hackerrank.com,https://www.hackerrank.com/domains/ruby,Aún sin descripcion,Aún sin Comentarios
Personales,Curiosidades,www.holasomos.com,https://www.holasomos.com/cursos/jesus-rosas-ramirez/crea-tu-primer-webapp-en-ruby-on-rails,Aún sin descripcion,Aún sin Comentarios
Personales,Curiosidades,www.hongkiat.com,https://www.hongkiat.com/blog/download-and-delete-everything-google-knows-about-you/,Aún sin descripcion,Aún sin Comentarios
Personales,Curiosidades,www.html6.es,https://www.html6.es/final30.html,Aún sin descripcion,Aún sin Comentarios
Personales,Curiosidades,www.hubspot.es,https://www.hubspot.es/crm/e010a-4?utm_content=e010a-4&utm_source=facebook.com&utm_term=crm_es&utm_campaign=CRM_Portals_ES_LATAM_LATAM_OFFER_LegacyCampaignT1Countries_T1LaL_Ad2_Facebook_Desktop_Feed_fb&utm_medium=paid_ES&utm_id=6099879495303,Aún sin descripcion,Aún sin Comentarios
Personales,Curiosidades,www.hubspot.es,https://www.hubspot.es/products/crm?utm_content=crm_es&utm_source=facebook.com_es&utm_term=crm_es&utm_campaign=Facebook-es-applkaldesk_es&utm_medium=paid_es&utm_id=ad2_es_applkal,Aún sin descripcion,Aún sin Comentarios
Personales,Curiosidades,www.icetex.gov.co,https://www.icetex.gov.co/FrontEstadoCuenta/#/,Aún sin descripcion,Aún sin Comentarios
Personales,Curiosidades,www.icetex.gov.co,https://www.icetex.gov.co/FrontEstadoCuenta/#/dashboard,Aún sin descripcion,Aún sin Comentarios
Personales,Curiosidades,www.icetex.gov.co,https://www.icetex.gov.co/FrontEstadoCuenta/#/login,Aún sin descripcion,Aún sin Comentarios
Personales,Curiosidades,www.icetex.gov.co,https://www.icetex.gov.co/FrontEstadoCuenta/#/pages/certificados,Aún sin descripcion,Aún sin Comentarios
Personales,Curiosidades,www.icetex.gov.co,https://www.icetex.gov.co/portalacces/GestionCredito/EstadoCuenta/VisualizarCertificado.aspx?id=1415594&IdSolicitante=1036635387&tipoid=2&nombres=SEBASTIAN%20BETANCUR%20PATINO&Accion=GenerarCertificadoEstadoDia,Aún sin descripcion,Aún sin Comentarios
Personales,Curiosidades,www.icetex.gov.co,https://www.icetex.gov.co/portalacces/GestionCredito/EstadoCuenta/VisualizarCertificado.aspx?id=1415594&IdSolicitante=1036635387&tipoid=2&nombres=SEBASTIAN%20BETANCUR%20PATINO&Accion=GenerarCertificadoPagoSaldoAnual&anio=2018,Aún sin descripcion,Aún sin Comentarios
Personales,Curiosidades,www.inglesporinternet.com,https://www.inglesporinternet.com/las-47-preposiciones-en-ingles-fb/,Aún sin descripcion,Aún sin Comentarios
Personales,Curiosidades,www.karaokemedia.com,https://www.karaokemedia.com/es/,Aún sin descripcion,Aún sin Comentarios
Personales,Curiosidades,www.lawebdelprogramador.com,https://www.lawebdelprogramador.com/foros/MySQL/1264689-no-encuentro-mis-tablas-en-Data.html,Aún sin descripcion,Aún sin Comentarios
Personales,Curiosidades,www.learnenough.com,https://www.learnenough.com/git-tutorial,Aún sin descripcion,Aún sin Comentarios
Personales,Curiosidades,www.learnenough.com,https://www.learnenough.com/html-tutorial#sec-more_pages,Aún sin descripcion,Aún sin Comentarios
Personales,Curiosidades,www.lianja.com,https://www.lianja.com/component/rsfiles/download?path=Windows%2FLianjaAppBuilder-4.2-windows-installer.exe,Aún sin descripcion,Aún sin Comentarios
Personales,Curiosidades,www.lianja.com,https://www.lianja.com/component/rsfiles/download?path=Windows%2FLianjaAppBuilder-4.2-windows-installer.exe,Aún sin descripcion,Aún sin Comentarios
Personales,Curiosidades,www.lianja.com,https://www.lianja.com/component/user/,Aún sin descripcion,Aún sin Comentarios
Personales,Curiosidades,www.linkedin.com,https://www.linkedin.com/feed/,Aún sin descripcion,Aún sin Comentarios
Personales,Curiosidades,www.linkedin.com,https://www.linkedin.com/in/danielriverosquiroz09/#experience-section,Aún sin descripcion,Aún sin Comentarios
Personales,Curiosidades,www.linkedin.com,https://www.linkedin.com/premium/products?upsellOrderOrigin=premium_inmail_profile_upsell&destRedirectURL=https%3A%2F%2Fwww.linkedin.com%2Fin%2Fjavier-ignacio-cano-27736a68%2F%3Ftrk%3Dpublic-profile-join-page%26showPremiumWelcomeBanner%3Dtrue&otmid=ACoAAA5KjvsBW1So4AwF-7cAai7p4MYafcW6e4Q,Aún sin descripcion,Aún sin Comentarios
Personales,Curiosidades,www.masisaoptimiza.com,https://www.masisaoptimiza.com/users/sign_in,Aún sin descripcion,Aún sin Comentarios
Personales,Curiosidades,www.medellin.gov.co,https://www.medellin.gov.co/irj/go/km/docs/pccdesign/medellin/Temas/Hacienda/Programas/Shared%20Content/Documentos/2018/Abece%20declaracionimpuestoindustriaycomercio.pdf,Aún sin descripcion,Aún sin Comentarios
Personales,Curiosidades,www.medellin.gov.co,https://www.medellin.gov.co/irj/portal/medellin,Aún sin descripcion,Aún sin Comentarios
Personales,Curiosidades,www.medellin.gov.co,https://www.medellin.gov.co/irj/portal/medellin,Aún sin descripcion,Aún sin Comentarios
Personales,Curiosidades,www.medellin.gov.co,https://www.medellin.gov.co/irj/portal/medellin/ventanilla,Aún sin descripcion,Aún sin Comentarios
Personales,Curiosidades,www.medellin.gov.co,https://www.medellin.gov.co/irj/portal/medellin/ventanilla,Aún sin descripcion,Aún sin Comentarios
Personales,Curiosidades,www.medellin.gov.co,https://www.medellin.gov.co/irj/portal/medellin?NavigationTarget=navurl://934ee25a151f6e132bc8ce861835bf90,Aún sin descripcion,Aún sin Comentarios
Personales,Curiosidades,www.medellin.gov.co,https://www.medellin.gov.co/irj/portal/medellin?NavigationTarget=navurl://934ee25a151f6e132bc8ce861835bf90,Aún sin descripcion,Aún sin Comentarios
Personales,Curiosidades,www.medellin.gov.co,https://www.medellin.gov.co/qxi_tramites/consultas/consultarFormatoTramite.jsp?listaFormato=0&Qx_Id=12-5-D34337E7A8029BDE10CE8E1F3C26939D#.,Aún sin descripcion,Aún sin Comentarios
Personales,Curiosidades,www.medellin.gov.co,https://www.medellin.gov.co/qxi_tramites/main/politicas.jsp#.,Aún sin descripcion,Aún sin Comentarios
Personales,Curiosidades,www.meetup.com,https://www.meetup.com/es-ES/Medellin-Interaction-Design-Meetup/events/248274104/?refund_policy=true&rv=ea1&_xtd=gatlbWFpbF9jbGlja9oAJDEzMDdiMjZhLWNkMjYtNDA1Zi1hZjFjLTg0MjM0MWYzZTI1Zg&_af=event&_af_eid=248274104&response=3&action=rsvp&https=on,Aún sin descripcion,Aún sin Comentarios
Personales,Curiosidades,www.microsoft.com,https://www.microsoft.com/es-es/download/confirmation.aspx?id=21581,Aún sin descripcion,Aún sin Comentarios
Personales,Curiosidades,www.midatacredito.com,https://www.midatacredito.com/jsp/acceder/MiDCRecuerdaPS2.jsp,Aún sin descripcion,Aún sin Comentarios
Personales,Curiosidades,www.mozilla.org,https://www.mozilla.org/es-ES/firefox/57.0/whatsnew/?oldversion=56.0.2,Aún sin descripcion,Aún sin Comentarios
Personales,Manualidades,www.mozilla.org,https://www.mozilla.org/es-ES/firefox/60.0.1/whatsnew/?oldversion=59.0.3,Aún sin descripcion,Aún sin Comentarios
Personales,Manualidades,www.mozilla.org,https://www.mozilla.org/es-ES/firefox/62.0/whatsnew/?oldversion=61.0.2,Aún sin descripcion,Aún sin Comentarios
Personales,Manualidades,www.netflix.com,https://www.netflix.com/co/,Aún sin descripcion,Aún sin Comentarios
Personales,Manualidades,www.nuevosoi.com.co,https://www.nuevosoi.com.co/inicio,Aún sin descripcion,Aún sin Comentarios
Personales,Manualidades,www.nuevosoi.com.co,https://www.nuevosoi.com.co/medios_de_pago,Aún sin descripcion,Aún sin Comentarios
Personales,Manualidades,www.nuevosoi.com.co,https://www.nuevosoi.com.co/medios_de_pago,Aún sin descripcion,Aún sin Comentarios
Personales,Manualidades,www.nuevosoi.com.co,https://www.nuevosoi.com.co/medios_de_pago,Aún sin descripcion,Aún sin Comentarios
Personales,Manualidades,www.nuevosoi.com.co,https://www.nuevosoi.com.co/medios_de_pago,Aún sin descripcion,Aún sin Comentarios
Personales,Manualidades,www.nuevosoi.com.co,https://www.nuevosoi.com.co/medios_de_pago,Aún sin descripcion,Aún sin Comentarios
Personales,Manualidades,www.nuevosoi.com.co,https://www.nuevosoi.com.co/medios_de_pago,Aún sin descripcion,Aún sin Comentarios
Personales,Manualidades,www.nuevosoi.com.co,https://www.nuevosoi.com.co/medios_de_pago,Aún sin descripcion,Aún sin Comentarios
Personales,Manualidades,www.ofima.com,https://www.ofima.com/directorio-de-asesores-software-erp-ofima,Aún sin descripcion,Aún sin Comentarios
Personales,Manualidades,www.olx.com.co,https://www.olx.com.co/myolx/myadslisting,Aún sin descripcion,Aún sin Comentarios
Personales,Manualidades,www.olx.com.co,https://www.olx.com.co/posting/success/956663245?sk=e3174318649f72774a89b3e40f334e646,Aún sin descripcion,Aún sin Comentarios
Personales,Manualidades,www.paraloscuriosos.com,https://www.paraloscuriosos.com/a14320/8-sencillos-trucos-para-fabricar-los-objetos-mas-increibles,Aún sin descripcion,Aún sin Comentarios
Personales,Manualidades,www.paraloscuriosos.com,https://www.paraloscuriosos.com/a19379/9-trucos-que-pueden-salvarnos-la-vida?page=5,Aún sin descripcion,Aún sin Comentarios
Personales,Manualidades,www.paypal.com,https://www.paypal.com/co/webapps/mpp/paypal-fees?ver=seller#sticky-nav,Aún sin descripcion,Aún sin Comentarios
Personales,Manualidades,www.planillaexcel.com,https://www.planillaexcel.com/,Aún sin descripcion,Aún sin Comentarios
Personales,Manualidades,www.planillaexcel.com,https://www.planillaexcel.com/planillas/planilla-de-excel-calendario-gantt-dinamico/descarga,Aún sin descripcion,Aún sin Comentarios
Personales,Manualidades,www.printu.co,https://www.printu.co/module/formmaker/formsuccess?id_form=3,Aún sin descripcion,Aún sin Comentarios
Personales,Manualidades,www.quizalize.com,https://www.quizalize.com/?language=es-al&src=fb&ad=2ballsespanol&audience=CASAlookalike,Aún sin descripcion,Aún sin Comentarios
Personales,Manualidades,www.rawshorts.com,https://www.rawshorts.com/Crea-Videos-Animados-Online/Online-r%C3%A1pido-y-f%C3%A1cil-de-usar!-Crea-v%C3%ADdeos-para-tu-negocio-en-minutos/video-animado/v4esp?utm_source=fb&utm_campaign=10069&utm_term=002&utm_content=01&utm_medium=cpc,Aún sin descripcion,Aún sin Comentarios
Personales,Manualidades,www.ruby-lang.org,https://www.ruby-lang.org/es/documentation/,Aún sin descripcion,Aún sin Comentarios
Personales,Manualidades,www.runt.com.co,https://www.runt.com.co/consultaCiudadana/#/consultaPersona,Aún sin descripcion,Aún sin Comentarios
Personales,Manualidades,www.servientrega.com,https://www.servientrega.com/wps/portal/!ut/p/a0/04_Sj9CPykssy0xPLMnMz0vMAfGjzOI9PQP9LZ0MHQ0sgNDAM9jb0cnZyNDLzdFMvyDbUREA76zXYA!!/,Aún sin descripcion,Aún sin Comentarios
Personales,Manualidades,www.simple.co,https://www.simple.co/Web/,Aún sin descripcion,Aún sin Comentarios
Personales,Manualidades,www.simple.co,https://www.simple.co/Web/faces/pages/comprobantes/consultadirecta/consultaDirecta.xhtml,Aún sin descripcion,Aún sin Comentarios
Personales,Manualidades,www.simple.co,https://www.simple.co/Web/faces/pages/principal/terminosCondiciones.xhtml,Aún sin descripcion,Aún sin Comentarios
Personales,Manualidades,www.simple.co,https://www.simple.co/Web/faces/pages/principal/terminosCondiciones.xhtml,Aún sin descripcion,Aún sin Comentarios
Personales,Manualidades,www.sony.com.co,https://www.sony.com.co/,Aún sin descripcion,Aún sin Comentarios
Personales,Manualidades,www.suaporte.com.co,https://www.suaporte.com.co/Web/faces/pages/planilla/moduloEnLinea/moduloenlinea.xhtml,Aún sin descripcion,Aún sin Comentarios
Personales,Manualidades,www.sublimetext.com,https://www.sublimetext.com/,Aún sin descripcion,Aún sin Comentarios
Personales,Manualidades,www.suraenlinea.com,https://www.suraenlinea.com/soat/pagos/pse/exito/5b6a3c0fa70000d2004da69f?utm_nooverride=1,Aún sin descripcion,Aún sin Comentarios
Personales,Manualidades,www.taringa.net,https://www.taringa.net/posts/humor/19213278/Crap-de-la-abuela-Mijo-usted-que-estudio.html,Aún sin descripcion,Aún sin Comentarios
Personales,Manualidades,www.taringa.net,https://www.taringa.net/posts/imagenes/19082385/Un-Verdadero-Megapost-de-Imagenes-9-Pasa-ameo.html,Aún sin descripcion,Aún sin Comentarios
Personales,Manualidades,www.thunderbird.net,https://www.thunderbird.net/es-ES/,Aún sin descripcion,Aún sin Comentarios
Personales,Manualidades,www.thunderbird.net,https://www.thunderbird.net/es-MX/?lang=es-MX,Aún sin descripcion,Aún sin Comentarios
Personales,Manualidades,www.tigo.com.co,https://www.tigo.com.co/,Aún sin descripcion,Aún sin Comentarios
Personales,Manualidades,www.tipografias.org,https://www.tipografias.org/f-533-code_128.html,Aún sin descripcion,Aún sin Comentarios
Personales,Manualidades,www.trucosgalaxy.net,https://www.trucosgalaxy.net/como-cambiar-almacenamiento-predeterminado-android/,Aún sin descripcion,Aún sin Comentarios
Personales,Manualidades,www.tusolutionweb.org,https://www.tusolutionweb.org/como-crear-un-hosting-y-dominio-gratis/,Aún sin descripcion,Aún sin Comentarios
Personales,Manualidades,www.twago.com,https://www.twago.com/,Aún sin descripcion,Aún sin Comentarios
Personales,Manualidades,www.twilio.com,https://www.twilio.com/,Aún sin descripcion,Aún sin Comentarios
Personales,Manualidades,www.udemy.com,https://www.udemy.com/pro-ruby-on-rails-rails5/#curriculum,Aún sin descripcion,Aún sin Comentarios
Personales,Manualidades,www.udemy.com,https://www.udemy.com/understand-javascript/learn/v4/t/lecture/2237464?start=0,Aún sin descripcion,Aún sin Comentarios
Personales,Manualidades,www.vivacolombia.co,https://www.vivacolombia.co/co,Aún sin descripcion,Aún sin Comentarios
Personales,Diseño,www.vivacolombia.co,https://www.vivacolombia.co/co/tu-reserva/check-in-pasabordo/imprime-tu-pasabordo?locator=R6H49M&digest=E7339C7DB0E7B50BF66A4FCD00794D94082339BF&saved=true,Aún sin descripcion,Aún sin Comentarios
Personales,Diseño,www.vix.com,https://www.vix.com/es/btg/curiosidades/5978/35-grandes-frases-de-albert-einstein-para-reflexionar,Aún sin descripcion,Aún sin Comentarios
Personales,Diseño,www.w3schools.com,https://www.w3schools.com/css/css3_flexbox.asp,Aún sin descripcion,Aún sin Comentarios
Personales,Diseño,www.wish.com,https://www.wish.com/,Aún sin descripcion,Aún sin Comentarios
Personales,Diseño,www.youtube.com,https://www.youtube.com/channel/UCUQfpwJdQJBunbMukf_xdHQ,Aún sin descripcion,Aún sin Comentarios
Personales,Diseño,www.youtube.com,https://www.youtube.com/playlist?list=PLqlqxEOO0_9LOwTxPpKcg8MhV64_S5evB,Aún sin descripcion,Aún sin Comentarios
Personales,Diseño,www.youtube.com,https://www.youtube.com/results?search_query=mesa+sierra+circular,Aún sin descripcion,Aún sin Comentarios
Personales,Diseño,www.youtube.com,https://www.youtube.com/watch?v=9eMBFNJImK0,Aún sin descripcion,Aún sin Comentarios
Personales,Diseño,www.youtube.com,https://www.youtube.com/watch?v=Bumby01aYQQ,Aún sin descripcion,Aún sin Comentarios
Personales,Diseño,www.youtube.com,https://www.youtube.com/watch?v=DDTwyIiFuMw,Aún sin descripcion,Aún sin Comentarios
Personales,Diseño,www.youtube.com,https://www.youtube.com/watch?v=divfLdjbXi4,Aún sin descripcion,Aún sin Comentarios
Personales,Diseño,www.youtube.com,https://www.youtube.com/watch?v=DkwmDEwKDLk,Aún sin descripcion,Aún sin Comentarios
Personales,Diseño,www.youtube.com,https://www.youtube.com/watch?v=GW3N1nporbE,Aún sin descripcion,Aún sin Comentarios
Personales,Diseño,www.youtube.com,https://www.youtube.com/watch?v=JVXGnPmfCjo,Aún sin descripcion,Aún sin Comentarios
Personales,Diseño,www.youtube.com,https://www.youtube.com/watch?v=mdPYjOm5Rb4&list=PLxyfMWnjW2kuEJnf597vk30nFWzSWTtuu&index=2,Aún sin descripcion,Aún sin Comentarios
Personales,Diseño,www.youtube.com,https://www.youtube.com/watch?v=msj5pz4X6KM,Aún sin descripcion,Aún sin Comentarios
Personales,Diseño,www.youtube.com,https://www.youtube.com/watch?v=NDwv7F6B9Bs,Aún sin descripcion,Aún sin Comentarios
Personales,Diseño,www.youtube.com,https://www.youtube.com/watch?v=PMdjss43waw&list=PLXaeqn_0ZkqJAR9JQ0aMKf1LYsx4qtAwl,Aún sin descripcion,Aún sin Comentarios
Personales,Diseño,www.youtube.com,https://www.youtube.com/watch?v=raTQe7bsr5g&list=PLEtcGQaT56cij4cilDUzKYcu6-wW44kTx&index=11,Aún sin descripcion,Aún sin Comentarios
Personales,Diseño,www.youtube.com,https://www.youtube.com/watch?v=sAPGw0SD1DE,Aún sin descripcion,Aún sin Comentarios
Personales,Diseño,www.youtube.com,https://www.youtube.com/watch?v=YP7obnpTQJA,Aún sin descripcion,Aún sin Comentarios
Personales,Diseño,www.youtube.com,https://www.youtube.com/watch?v=zvPXwphkkII,Aún sin descripcion,Aún sin Comentarios
Personales,Diseño,www.zonapagos.com,https://www.zonapagos.com/t_itagui/fin_pago.asp?ticketID=9852351346232,Aún sin descripcion,Aún sin Comentarios
Personales,Diseño,www13.epm.com.co,https://www13.epm.com.co/FacturaWeb/PaginasGenerales/TimeOut.aspx,Aún sin descripcion,Aún sin Comentarios
Personales,Diseño,www13.epm.com.co,https://www13.epm.com.co/FacturaWeb/PaginasGenerales/TimeOut.aspx,Aún sin descripcion,Aún sin Comentarios
Personales,Diseño,yousician.com,https://yousician.com/,Aún sin descripcion,Aún sin Comentarios
Personales,Diseño,yout.com,https://yout.com/video/5KJiO8W9iyg,Aún sin descripcion,Aún sin Comentarios
Personales,Diseño,yout.com,https://yout.com/video/DDTwyIiFuMw,Aún sin descripcion,Aún sin Comentarios
Personales,Diseño,yout.com,https://yout.com/video/ipRxBzbG7xE,Aún sin descripcion,Aún sin Comentarios
Personales,Diseño,yout.com,https://yout.com/video/qMnHl1KN9kE,Aún sin descripcion,Aún sin Comentarios
Personales,Diseño,Curso de JavaScript,https://www.udemy.com/programacion-orientada-a-objetos-con-javascript/,Aún sin descripcion,Aún sin Comentarios
Personales,Diseño,JavaScript Bueno (ingles),https://www.packtpub.com/mapt/book/web_development/9781847194145/1,Exige tarjeta de crédito,
Personales,Diseño,MDN Mozilla,https://developer.mozilla.org/en-US/docs/Web/JavaScript/Equality_comparisons_and_sameness,,
Personales,Diseño,Rutinas listas para usar de JavaScript,https://underscorejs.org/docs/underscore.html,,
Personales,Diseño,Mejor que underscore,https://lodash.com/,,
Personales,Diseño,Mecanismo de gestion de estado HTML,https://tools.ietf.org/html/rfc6265,,
Personales,Diseño,Curso NodeJS Jesus Conde,https://www.youtube.com/channel/UCbr0g_ADLsdzhcoAFUZkuug,,
Personales,Diseño,w3schools Manuales programacion,https://www.w3schools.com,,
Personales,Diseño,Guia JavaScript,https://developer.mozilla.org/es/docs/Web/JavaScript/Guide,,
Personales,Diseño,Traducir MDN JavaScript,https://developer.mozilla.org/es/docs/Learn/JavaScript/First_steps/Matem%C3%A1ticas$edit,,
Personales,Diseño,Audio y video con html5,https://developer.mozilla.org/es/docs/Web/HTML/Usando_audio_y_video_con_HTML5,,
Personales,Diseño,Fuentes gratis,https://www.1001freefonts.com,,
Personales,Diseño,Curso html y css,https://www.html6.es,,
Personales,Diseño,Curso completo JavaScript Youtube,https://www.youtube.com/watch?v=seaq4UxKNHU,,
Personales,Diseño,Learn enough to be dangerous,https://www.learnenough.com/html-tutorial,Curso,Es un excelente curso
Personales,Diseño,Getting Started Rails,http://guides.rubyonrails.org/getting_started.html,Guia, Ruby on Rails
Personales,Diseño,Documentacion Ruby en español,https://www.ruby-lang.org/es/documentation,Manual,Manual de Ruby en EspaÃ±ol
Personales,Diseño,Rails para Zombies,https://www.codeschool.com/courses/rails-for-zombies-redux/,Manual,Ruby On Rails Este comentario se hace largo para ver el efecto que tendrá en la tabla